company,phone,mobile,email,website,address,google_map_coord,image_link
A Simple Cremation & Burials,+64274468535,+64274468535,scott@asimplecremation.co.nz,www.asimplecremation.co.nz,"233 Carrington Street, New Plymouth, Taranaki, 4310, New Zealand",https://www.google.com/maps/search/?api=1&query=233%20Carrington%20Street%20New%20Plymouth%20Taranaki%204310%20New%20Zealand%20,/assets/Uploads/organisations/Logo-jpg__PadWzIwMCwyMDAsIkZGRiIsMF0.jpg
Academy Funeral Services,(03)343 0919,,info@academyfunerals.co.nz,https://academyfunerals.co.nz/,"65 Main South Road, Upper Riccarton, Christchurch, Canterbury, 8042, New Zealand",https://www.google.com/maps/search/?api=1&query=65%20Main%20South%20Road%20Upper%20Riccarton%20Christchurch%20Canterbury%208042%20New%20Zealand%20,/assets/Uploads/organisations/Academy-Logo__PadWzIwMCwyMDAsIkZGRiIsMF0.png
Affinity Funerals (Alexandra),(03)448 8405,,office@affinityfunerals.co.nz,https://www.affinityfunerals.nz/,"143 Centennial Avenue, Alexandra, Otago, 9320, New Zealand",https://www.google.com/maps/search/?api=1&query=143%20Centennial%20Avenue%20Alexandra%20Otago%209320%20New%20Zealand%20,/assets/Uploads/organisations/Affinity-Logo-v2__PadWzIwMCwyMDAsIkZGRiIsMF0.jpeg
Affinity Funerals (Wanaka),,,,http://www.affinityfunerals.nz/,"Frederick St & Ballantyne Rd, Wanaka, Otago, 9382, New Zealand",https://www.google.com/maps/search/?api=1&query=Frederick%20St%20&%20Ballantyne%20Rd%20Wanaka%20Otago%209382%20New%20Zealand%20,/assets/Uploads/organisations/Affinity-Logo__PadWzIwMCwyMDAsIkZGRiIsMF0.jpeg
Affordable Cremations,(04)569 7072,,,https://croftfunerals.co.nz/,"2 Osborne Place, Lower Hutt, Wellington, New Zealand",https://www.google.com/maps/search/?api=1&query=2%20Osborne%20Place%20%20Lower%20Hutt%20%20Wellington%20New%20Zealand%20,/assets/Uploads/organisations/whitebackground__PadWzIwMCwyMDAsIkZGRiIsMF0.jpg
Affordable Funeral Directors,0800 333 309,,william@funeralsupport.co.nz,https://affordablefunerals.co.nz/,"13-15 Parkway, Wainuiomata, Lower Hutt, Wellington, 5014, New Zealand","https://www.google.com/maps/search/?api=1&query=13-15%20Parkway,%20Wainuiomata%20Lower%20Hutt%20Wellington%205014%20New%20Zealand%20",/assets/Uploads/organisations/Affordable-Logo-v2__PadWzIwMCwyMDAsIkZGRiIsMF0.png
Ana-Maria Funeral Services,07-211 4654021 881 229,,ana@ana-maria.nz,https://www.ana-maria.nz/,"82 Grey Street, Hamilton, Waikato, 3216, New Zealand",https://www.google.com/maps/search/?api=1&query=82%20Grey%20Street%20Hamilton%20Waikato%203216%20New%20Zealand%20,/assets/Uploads/organisations/Ana-Maria-Logo__PadWzIwMCwyMDAsIkZGRiIsMF0.png
Anderson Funeral Services,(06)363 7918,,andersonfunerals@xtra.co.nz,,"73a Main Street, Foxton, Manawatu-Whanganui, 4814, New Zealand",https://www.google.com/maps/search/?api=1&query=73a%20Main%20Street%20Foxton%20Manawatu-Whanganui%204814%20New%20Zealand%20,
Aoraki Funeral Services (Timaru),(03)686 2148,,office@aoraki.kiwi.nz,https://www.aorakifuneralservices.info/,"160 Mountain View Road, Timaru, Canterbury, 7910, New Zealand",https://www.google.com/maps/search/?api=1&query=160%20Mountain%20View%20Road%20Timaru%20Canterbury%207910%20New%20Zealand%20,/assets/Uploads/organisations/Aoraki-v2__PadWzIwMCwyMDAsIkZGRiIsMF0.jpg
Aoraki Funeral Services (Waimate branch),(03)689 7065,,office@aoraki.kiwi.nz,https://www.aorakifuneralhomes.co.nz/,"11 John Street, Waimate, Canterbury, 7924",https://www.google.com/maps/search/?api=1&query=11%20John%20Street%20Waimate%20Canterbury%207924%20,/assets/Uploads/organisations/Aoraki__PadWzIwMCwyMDAsIkZGRiIsMF0.jpg
Auckland Funerals & Memorials,09 250480809 2770718,0211173236,aklfunerals@gmail.com,http://www.chinesefuneralhome.co.nz/,"158 Lake Rd, Belmont, Auckland, Auckland, 0622, New Zealand",https://www.google.com/maps/search/?api=1&query=158%20Lake%20Rd%20%20Belmont%20Auckland%20Auckland%200622%20New%20Zealand%20,/assets/Uploads/organisations/Pacific-Memorials__PadWzIwMCwyMDAsIkZGRiIsMF0.jpg
Avenal Park Funeral Home,0800 033 925,,office@avenalpark.co.nz,http://www.avenalpark.co.nz/,"75 Fox Street, Invercargill, Southland, 9810, New Zealand",https://www.google.com/maps/search/?api=1&query=75%20Fox%20Street%20Invercargill%20Southland%209810%20New%20Zealand%20,/assets/Uploads/organisations/Logo-USE-THIS-ONE__PadWzIwMCwyMDAsIkZGRiIsMF0.JPG
Bay Cremation Care,0800 777 43307 282 7922,,alistair@baycremationcare.kiwi.nz,http://baycremationcare.kiwi.nz/,"143 Thirteenth Avenue, Tauranga, Bay of Plenty, 3144, New Zealand",https://www.google.com/maps/search/?api=1&query=143%20Thirteenth%20Avenue%20Tauranga%20Bay%20of%20Plenty%203144%20New%20Zealand%20,
Beauchamp Funeral Chapel (Feilding),(06)323 3700,,admin@beauchamp.co.nz,https://beauchamp.co.nz/,"280 Kimbolton Road, Feilding, Manawatu-Whanganui, 4702",https://www.google.com/maps/search/?api=1&query=280%20Kimbolton%20Road%20Feilding%20Manawatu-Whanganui%204702%20,/assets/Uploads/organisations/Beauchamp__PadWzIwMCwyMDAsIkZGRiIsMF0.png
Beauchamp Funeral Home and Chapel (Palmerston North),(06)355 1889,,admin@beauchamp.co.nz,https://beauchamp.co.nz/,"167 John F Kennedy Drive, Palmerston North, Manawatu-Whanganui, 4414",https://www.google.com/maps/search/?api=1&query=167%20John%20F%20Kennedy%20Drive%20Palmerston%20North%20Manawatu-Whanganui%204414%20,/assets/Uploads/organisations/Beauchamp-v2__PadWzIwMCwyMDAsIkZGRiIsMF0.png
Beauchamp Funeral Home and Cobham Chapel (Marton),(06)327 7029,,admin@beauchamp.co.nz,https://beauchamp.co.nz/,"18 Morris Street, Marton, Manawatu-Whanganui, 4710, New Zealand",https://www.google.com/maps/search/?api=1&query=18%20Morris%20Street%20Marton%20Manawatu-Whanganui%204710%20New%20Zealand%20,/assets/Uploads/organisations/Beauchamp-v3__PadWzIwMCwyMDAsIkZGRiIsMF0.png
"Bell, Lamb & Trotter",(03)389 7999,,funerals@belllambtrotter.co.nz,https://belllambtrotter.co.nz/,"297 Ferry Road, Christchurch, Canterbury, 8011, New Zealand",https://www.google.com/maps/search/?api=1&query=297%20Ferry%20Road%20Christchurch%20Canterbury%208011%20New%20Zealand%20,/assets/Uploads/organisations/Bell-Lamb-Trotter-v2__PadWzIwMCwyMDAsIkZGRiIsMF0.jpg
besoul Funerals,09 422 2534,,hello@besoul.co.nz,https://www.besoulfunerals.co.nz/,"12 Gumfield Drive, Warkworth, Northland, 0910, New Zealand",https://www.google.com/maps/search/?api=1&query=12%20Gumfield%20Drive%20Warkworth%20Northland%200910%20New%20Zealand%20,/assets/Uploads/organisations/BeSoul-logo-FINAL-RGB_reverse__PadWzIwMCwyMDAsIkZGRiIsMF0.jpg
Beth Shan Funerals (Hastings),(06)870 3399,,teamhastings@beth-shan.co.nz,https://beth-shan.co.nz/,"401 Maraekakaho Road, Hastings, Hawke's Bay, 4120",https://www.google.com/maps/search/?api=1&query=401%20Maraekakaho%20Road%20Hastings%20Hawke's%20Bay%204120%20,/assets/Uploads/organisations/BS-Logo-2020-v2__PadWzIwMCwyMDAsIkZGRiIsMF0.jpg
Beth Shan Funerals (Napier),(06)835 9925,,staff@beth-shan.co.nz,https://beth-shan.co.nz/,"157 Georges Drive, Napier, Hawke's Bay, 4110, New Zealand",https://www.google.com/maps/search/?api=1&query=157%20Georges%20Drive%20Napier%20Hawke's%20Bay%204110%20New%20Zealand%20,/assets/Uploads/organisations/BS-Logo-2020__PadWzIwMCwyMDAsIkZGRiIsMF0.jpg
Beth Shan Funerals (Taradale),06 835 9925,,,https://beth-shan.co.nz/,"371 Gloucester St, Taradale, Napier, Hawke's Bay, 4112, New Zealand",https://www.google.com/maps/search/?api=1&query=371%20Gloucester%20St%20Taradale%20Napier%20Hawke's%20Bay%204112%20New%20Zealand%20,/assets/Uploads/organisations/BS-Logo-2020-v3__PadWzIwMCwyMDAsIkZGRiIsMF0.jpg
Betts Funeral Services,(03)688 4033,,office@betts.co.nz,https://betts.co.nz/,"33 North Street, Timaru, Canterbury, 7910, New Zealand",https://www.google.com/maps/search/?api=1&query=33%20North%20Street%20Timaru%20Canterbury%207910%20New%20Zealand%20,/assets/Uploads/organisations/Betts-Logo__PadWzIwMCwyMDAsIkZGRiIsMF0.jpg
Broadway Funeral Home (Matamata),(07)888 8333,,info@funeralhome.co.nz,https://www.funeralhome.co.nz/,"10 Short Street, Matamata, Waikato, 3400, New Zealand",https://www.google.com/maps/search/?api=1&query=10%20Short%20Street%20Matamata%20Waikato%203400%20New%20Zealand%20,/assets/Uploads/organisations/Broadway__PadWzIwMCwyMDAsIkZGRiIsMF0.png
Broadway Funeral Homes (Te Aroha),0800 862 273,,info@funeralhome.co.nz,https://www.funeralhome.co.nz/,"188 Whitaker Street, Te Aroha, Waikato, 3320",https://www.google.com/maps/search/?api=1&query=188%20Whitaker%20Street%20Te%20Aroha%20Waikato%203320%20,/assets/Uploads/organisations/Broadway-v2__PadWzIwMCwyMDAsIkZGRiIsMF0.png
Budget Cremations,0800 22 33 11,,Info@budgetcremations.co.nz,www.budgetcremations.co.nz,"Wellington, New Zealand",https://www.google.com/maps/search/?api=1&query=Wellington%20New%20Zealand%20,/assets/Uploads/organisations/Budget-Cremations-Logo-v2__PadWzIwMCwyMDAsIkZGRiIsMF0.jpg
Campbell & Sons Funeral Services,(03)489 7756,,office@campbellandsons.co.nz,https://www.campbellandsons.co.nz/,"95 Gordon Road, Mosgiel, Otago, 9024, New Zealand",https://www.google.com/maps/search/?api=1&query=95%20Gordon%20Road%20Mosgiel%20Otago%209024%20New%20Zealand%20,/assets/Uploads/organisations/Campbell-Sons__PadWzIwMCwyMDAsIkZGRiIsMF0.jpg
Canterbury Christian Funeral Services,(03)358 8807,,reception@ccfs.net.nz,https://www.canterburychristianfunerals.co.nz/,"84 Carmen Road  ​, Hei Hei, Christchurch, Canterbury, 8042, New Zealand",https://www.google.com/maps/search/?api=1&query=84%20Carmen%20Road%20%20​%20Hei%20Hei%20Christchurch%20Canterbury%208042%20New%20Zealand%20,/assets/Uploads/organisations/Canterbury-Christian__PadWzIwMCwyMDAsIkZGRiIsMF0.jpg
Central Hawkes Bay Funeral Services,(06)858 8146,,funeral@chbfs.co.nz,http://www.chbfunerals.co.nz/,"10 Peel Street, Waipukurau, Hawke's Bay, 4200, New Zealand",https://www.google.com/maps/search/?api=1&query=10%20Peel%20Street%20Waipukurau%20Hawke's%20Bay%204200%20New%20Zealand%20,/assets/Uploads/organisations/Central-Hawkes-Bay__PadWzIwMCwyMDAsIkZGRiIsMF0.png
Central Otago Funerals (Alexandra),(03)448 8642,,centralotagofunerals@hotmail.com,http://www.centralotagofunerals.co.nz/,"16 Ennis Street, Alexandra, Otago, 9320",https://www.google.com/maps/search/?api=1&query=16%20Ennis%20Street%20Alexandra%20Otago%209320%20,/assets/Uploads/organisations/COF-new-logo-for-FDANZ-website-v2__PadWzIwMCwyMDAsIkZGRiIsMF0.jpg
Central Otago Funerals (Cromwell),03 448 8642,,centralotagofunerals@hotmail.com,www.centralotagofunerals.co.nz,"5 McNulty Road, Cromwell, Otago, 9310, New Zealand",https://www.google.com/maps/search/?api=1&query=5%20McNulty%20Road%20Cromwell%20Otago%209310%20New%20Zealand%20,/assets/Uploads/organisations/COF-LOGO__PadWzIwMCwyMDAsIkZGRiIsMF0.png
Chester Burt Funeral Home,(06)376 8286,,info@chesterburtfunerals.co.nz,,"Pahiatua, Manawatu-Whanganui, 4910, New Zealand",https://www.google.com/maps/search/?api=1&query=Pahiatua%20Manawatu-Whanganui%204910%20New%20Zealand%20,/assets/Uploads/organisations/Chester-Burt__PadWzIwMCwyMDAsIkZGRiIsMF0.png
Christchurch Crematorium Funerals,(03)341 6117,,office@chchcremations.co.nz,https://www.chchcremations.co.nz/,"65 Vickerys Road, Wigram, Christchurch, Canterbury, 8042, New Zealand",https://www.google.com/maps/search/?api=1&query=65%20Vickerys%20Road%20Wigram%20Christchurch%20Canterbury%208042%20New%20Zealand%20,
Cleveland Funeral Home,(06)345 5522,,info@clevelandfunerals.co.nz,http://www.clevelandfunerals.co.nz/,"173-179 Ingestre Street, Wanganui, Manawatu-Whanganui, 4500, New Zealand",https://www.google.com/maps/search/?api=1&query=173-179%20Ingestre%20Street%20Wanganui%20%20Manawatu-Whanganui%204500%20New%20Zealand%20,/assets/Uploads/organisations/Cleveland__PadWzIwMCwyMDAsIkZGRiIsMF0.png
Cloudy Bay Funeral Services,(03)578 2004,,office@cloudybayfunerals.co.nz,https://www.cloudybayfunerals.co.nz/,"15 Boyce Street, Blenheim, Marlborough, 7201, New Zealand",https://www.google.com/maps/search/?api=1&query=15%20Boyce%20Street%20Blenheim%20Marlborough%207201%20New%20Zealand%20,/assets/Uploads/organisations/Cloudy-Bay-Logo__PadWzIwMCwyMDAsIkZGRiIsMF0.jpg
Collingwood Funeral Home,,,office@cfhrotorua.co.nz,https://www.collingwoodfuneralhome.co.nz/,"1358 Eruera Street, Rotorua, Bay of Plenty, 3010, New Zealand",https://www.google.com/maps/search/?api=1&query=1358%20Eruera%20Street%20Rotorua%20Bay%20of%20Plenty%203010%20New%20Zealand%20,/assets/Uploads/organisations/Collingwood-FH-logo__PadWzIwMCwyMDAsIkZGRiIsMF0.JPG
Croft Funeral Home,(04)569 7072,,robert@croftfunerals.co.nz,https://croftfunerals.co.nz/,"2 Osborne Place, Lower Hutt, Wellington, 5010, New Zealand",https://www.google.com/maps/search/?api=1&query=2%20Osborne%20Place%20Lower%20Hutt%20Wellington%205010%20New%20Zealand%20,/assets/Uploads/organisations/Croft__PadWzIwMCwyMDAsIkZGRiIsMF0.jpg
Davis Funeral Services (Central Auckland),(09)638 9026,,office@davisfunerals.co.nz,https://davisfunerals.co.nz/,"400 Dominion Road, Mt Eden, Auckland, 1024, New Zealand",https://www.google.com/maps/search/?api=1&query=400%20Dominion%20Road%20Mt%20Eden%20Auckland%201024%20New%20Zealand%20,/assets/Uploads/organisations/David-Funerals__PadWzIwMCwyMDAsIkZGRiIsMF0.jpg
Davis Funeral Services (East Auckland),(09)576 7108,,pakuranga@davisfunerals.co.nz,https://davisfunerals.co.nz/,"2A Udys Road, Pakuranga, Auckland, 2010, Afghanistan",https://www.google.com/maps/search/?api=1&query=2A%20Udys%20Road%20Pakuranga%20Auckland%202010%20Afghanistan%20,/assets/Uploads/organisations/Davis-Funerals-v6__PadWzIwMCwyMDAsIkZGRiIsMF0.jpg
Davis Funeral Services (Eastern Bays),(09)521 0300,,office@davisfunerals.co.nz,https://davisfunerals.co.nz/,"353 St Heliers Bay Road, Kohimarama, Auckland, 1071, New Zealand",https://www.google.com/maps/search/?api=1&query=353%20St%20Heliers%20Bay%20Road%20Kohimarama%20Auckland%201071%20New%20Zealand%20,/assets/Uploads/organisations/Davis-Funerals-v3__PadWzIwMCwyMDAsIkZGRiIsMF0.jpg
Davis Funeral Services (West Auckland),(09)835 3557,,henderson@davisfunerals.co.nz,https://davisfunerals.co.nz/,"150 Central Park Drive, Henderson, Auckland, 0610",https://www.google.com/maps/search/?api=1&query=150%20Central%20Park%20Drive%20Henderson%20Auckland%200610%20,/assets/Uploads/organisations/Davis-Funerals-v2__PadWzIwMCwyMDAsIkZGRiIsMF0.jpg
Davis Funerals (South Auckland),(09)277 2526,,papatoetoe@davisfunerals.co.nz,https://davisfunerals.co.nz/,"110 Kolmar Road, Papatoetoe, Auckland, 2025",https://www.google.com/maps/search/?api=1&query=110%20Kolmar%20Road%20Papatoetoe%20Auckland%202025%20,/assets/Uploads/organisations/Davis-Funerals-v7__PadWzIwMCwyMDAsIkZGRiIsMF0.jpg
Dempsey & Forrest,(06)349 0202,,admin@dempseyandforrest.co.nz,https://www.dempseyandforrest.co.nz/,"208 Guyton Street, Wanganui, Manawatu-Whanganui, 4500, New Zealand",https://www.google.com/maps/search/?api=1&query=208%20Guyton%20Street%20Wanganui%20Manawatu-Whanganui%204500%20New%20Zealand%20,/assets/Uploads/organisations/Dempsey-Forrest__PadWzIwMCwyMDAsIkZGRiIsMF0.jpg
Dil's Funeral Services (Hibiscus Coast),,,,,"Hibiscus Coast Chapel, 48 Waiora Road, Stanmore Bay, Auckland, Auckland, 0932, New Zealand",https://www.google.com/maps/search/?api=1&query=Hibiscus%20Coast%20Chapel%20%2048%20Waiora%20Road%20Stanmore%20Bay%20Auckland%20Auckland%200932%20New%20Zealand%20,/assets/Uploads/organisations/Dils-2-v3__PadWzIwMCwyMDAsIkZGRiIsMF0.jpg
Dil's Funeral Services (North Harbour),(09)415 8720,,info@dils.co.nz,https://www.dils.co.nz/,"185 Schnapper Rock Road, Albany, Auckland, 0632, New Zealand",https://www.google.com/maps/search/?api=1&query=185%20Schnapper%20Rock%20Road%20Albany%20Auckland%200632%20New%20Zealand%20,/assets/Uploads/organisations/Dils-2__PadWzIwMCwyMDAsIkZGRiIsMF0.jpg
Dil's Funeral Services Ltd (Birkenhead),(09)415 8720,,info@dils.co.nz,https://www.dils.co.nz/,"92 Hinemoa Street, Birkenhead, Auckland, 0626, New Zealand",https://www.google.com/maps/search/?api=1&query=92%20Hinemoa%20Street%20Birkenhead%20Auckland%200626%20New%20Zealand%20,/assets/Uploads/organisations/Dils-2-v2__PadWzIwMCwyMDAsIkZGRiIsMF0.jpg
Duckett Funerals,(06) 377 0231,,,https://duckettfunerals.co.nz/,"56 Fitzherbert Street, Featherston, Wellington, 5710, New Zealand",https://www.google.com/maps/search/?api=1&query=56%20Fitzherbert%20Street%20Featherston%20Wellington%205710%20New%20Zealand%20,
Dunstalls Funeral Services,(06)835 7196,,office@dunstalls.co.nz,https://www.dunstalls.co.nz/,"Cnr Edwardes & Bower Streets, Napier, Hawke's Bay, 4110, New Zealand",https://www.google.com/maps/search/?api=1&query=Cnr%20Edwardes%20&%20Bower%20Streets%20Napier%20Hawke's%20Bay%204110%20New%20Zealand%20,/assets/Uploads/organisations/Asset-44x__PadWzIwMCwyMDAsIkZGRiIsMF0.png
Eagars Funerals,(06)759 2200,,office@eagars.co.nz,www.eagars.co.nz,"172-174 Lemon Street, Strandon, New Plymouth, Taranaki, 4312, Afghanistan",https://www.google.com/maps/search/?api=1&query=172-174%20Lemon%20Street%20Strandon%20New%20Plymouth%20Taranaki%204312%20Afghanistan%20,/assets/Uploads/organisations/Eagars-logo-v2__PadWzIwMCwyMDAsIkZGRiIsMF0.jpg
Elliotts Chapel on Cameron,07 578 3338,,staff@elliottsfunerals.co.nz,,"414 Cameron Road, Tauranga, Bay of Plenty, 3110, New Zealand",https://www.google.com/maps/search/?api=1&query=414%20Cameron%20Road%20%20Tauranga%20Bay%20of%20Plenty%203110%20New%20Zealand%20,/assets/Uploads/organisations/Logo-v10__PadWzIwMCwyMDAsIkZGRiIsMF0.JPG
Elliotts Funeral Services (Katikati),(07)549 4788,,staff@elliottsfunerals.co.nz,https://elliottsfunerals.co.nz/,"Cnr Main Road and Sheffield Street, Katikati, Bay of Plenty, 3129, New Zealand",https://www.google.com/maps/search/?api=1&query=Cnr%20Main%20Road%20and%20Sheffield%20Street%20Katikati%20Bay%20of%20Plenty%203129%20New%20Zealand%20,/assets/Uploads/organisations/Elliotts-v2__PadWzIwMCwyMDAsIkZGRiIsMF0.png
Elliotts Funeral Services (Mt Maunganui),(07)575 5187,,staff@elliottsfunerals.co.nz,https://elliottsfunerals.co.nz/,"Cnr Gloucester & Girven Roads, Mt Maunganui, Bay of Plenty, 3116, New Zealand",https://www.google.com/maps/search/?api=1&query=Cnr%20Gloucester%20&%20Girven%20Roads%20Mt%20Maunganui%20Bay%20of%20Plenty%203116%20New%20Zealand%20,/assets/Uploads/organisations/Elliotts-v3__PadWzIwMCwyMDAsIkZGRiIsMF0.png
Elliotts Funeral Services (Tauranga),(07)578 3338,,staff@elliottsfunerals.co.nz,https://elliottsfunerals.co.nz/,"25 Ninth Avenue, Tauranga, Bay of Plenty, 3110, New Zealand",https://www.google.com/maps/search/?api=1&query=25%20Ninth%20Avenue%20Tauranga%20Bay%20of%20Plenty%203110%20New%20Zealand%20,/assets/Uploads/organisations/Elliotts-Logo-Strip-Blue_RGB__PadWzIwMCwyMDAsIkZGRiIsMF0.png
Ese Tatupu Funeral Directors,(09)262 3700,,info@tatupufunerals.co.nz,https://www.tatupufunerals.co.nz/,"18 Norman Spencer Drive, Manukau, Auckland, 2104",https://www.google.com/maps/search/?api=1&query=18%20Norman%20Spencer%20Drive%20Manukau%20Auckland%202104%20,/assets/Uploads/organisations/Ese-Tatupu__PadWzIwMCwyMDAsIkZGRiIsMF0.png
Evans Funeral Services,(06)867 9150,,office@evansfuneral.co.nz,https://www.evansfuneral.co.nz/,"171-179 Ormond Road, Gisborne, Gisborne, 4010, New Zealand",https://www.google.com/maps/search/?api=1&query=171-179%20Ormond%20Road%20Gisborne%20Gisborne%204010%20New%20Zealand%20,/assets/Uploads/organisations/Evans__PadWzIwMCwyMDAsIkZGRiIsMF0.jpg
Forrest Funeral Services (East Coast Bays),(09)479 5956,,office@forrests.co.nz,https://forrests.co.nz/,"8 Glen Road, Browns Bay, Auckland, 0630",https://www.google.com/maps/search/?api=1&query=8%20Glen%20Road%20Browns%20Bay%20Auckland%200630%20,/assets/Uploads/organisations/Forrests__PadWzIwMCwyMDAsIkZGRiIsMF0.png
Forrest Funeral Services (Hibiscus Coast),(09)426 7950,,leanne.little@forrests.co.nz,www.forrests.co.nz,"39 Riverside Road, Orewa, Auckland, 0931",https://www.google.com/maps/search/?api=1&query=39%20Riverside%20Road%20Orewa%20Auckland%200931%20,/assets/Uploads/organisations/Forrests-v3__PadWzIwMCwyMDAsIkZGRiIsMF0.png
Fountains Funeral Services (Manurewa),(09)266 6177,,staff@fountainsfunerals.co.nz,https://fountainsfunerals.co.nz/,"36 Maich Road, Manurewa, Auckland, 2102, New Zealand",https://www.google.com/maps/search/?api=1&query=36%20Maich%20Road%20Manurewa%20Auckland%202102%20New%20Zealand%20,/assets/Uploads/organisations/Fountains-v2__PadWzIwMCwyMDAsIkZGRiIsMF0.png
Fountains Funeral Services (Papakura),(09)298 2957,,staff@fountainsfunerals.co.nz,https://fountainsfunerals.co.nz/,"35-39 Wood Street, Papakura, Auckland, 0000",https://www.google.com/maps/search/?api=1&query=35-39%20Wood%20Street%20Papakura%20Auckland%200000%20,/assets/Uploads/organisations/Fountains__PadWzIwMCwyMDAsIkZGRiIsMF0.png
G Barrell & Sons Simplicity Funerals,(03)379 0196,,gbs@simplicity.co.nz,https://simplicity.co.nz/,"58a Coleridge Street, Sydenham, Christchurch, Canterbury, 8023, New Zealand",https://www.google.com/maps/search/?api=1&query=58a%20Coleridge%20Street%20Sydenham%20Christchurch%20Canterbury%208023%20New%20Zealand%20,/assets/Uploads/organisations/G-Barrell__PadWzIwMCwyMDAsIkZGRiIsMF0.png
Galbraith Funeral Services Ltd (Temuka),(03)615 9909,,info@geraldinefunerals.co.nz,https://www.galbraithfuneralservice.co.nz/,"26 King Street, Temuka, Canterbury, 7920",https://www.google.com/maps/search/?api=1&query=26%20King%20Street%20Temuka%20Canterbury%207920%20,/assets/Uploads/organisations/Gailbraith__PadWzIwMCwyMDAsIkZGRiIsMF0.png
Gateway Funeral Services (Whakatane),(07)308 6102,,office@gatewayfuneral.co.nz,https://gatewayfuneral.co.nz/,"17 Awatapu Drive, Whakatane, Bay of Plenty, 3120, New Zealand",https://www.google.com/maps/search/?api=1&query=17%20Awatapu%20Drive%20Whakatane%20Bay%20of%20Plenty%203120%20New%20Zealand%20,/assets/Uploads/organisations/Gateway-v2__PadWzIwMCwyMDAsIkZGRiIsMF0.png
Gateway Funerals (Kaweru),07 308 6102,,office@gatewayfuneral.co.nz,www.gatewayfuneral.co.nz,"2-4 Ranfurly Court, Kaweru, Bay of Plenty, 3127, New Zealand",https://www.google.com/maps/search/?api=1&query=2-4%20Ranfurly%20Court%20Kaweru%20Bay%20of%20Plenty%203127%20New%20Zealand%20,
Geards Funeral Home,09-408 0970,,,https://www.geards.co.nz/,"13 Pukepoto Road, Kaitaia, Northland, 0410, New Zealand",https://www.google.com/maps/search/?api=1&query=13%20Pukepoto%20Road%20Kaitaia%20Northland%200410%20New%20Zealand%20,/assets/Uploads/organisations/logo-geards-21__PadWzIwMCwyMDAsIkZGRiIsMF0.jpg
Gee & Hickton (Lower Hutt),(04)566 3103,,office@geeandhickton.co.nz,https://geeandhickton.co.nz/,"Cnr Cornwall Street and Knights Road, Lower Hutt, Wellington, 0000",https://www.google.com/maps/search/?api=1&query=Cnr%20Cornwall%20Street%20and%20Knights%20Road%20Lower%20Hutt%20Wellington%200000%20,/assets/Uploads/organisations/Logo-Gee-and-Hickton-v2__PadWzIwMCwyMDAsIkZGRiIsMF0.jpg
Gee & Hickton (Upper Hutt),(04)528 2331,,office@geeandhickton.co.nz,https://geeandhickton.co.nz/,"Cnr Cairo and King Streets, Upper Hutt, Wellington, 5018",https://www.google.com/maps/search/?api=1&query=Cnr%20Cairo%20and%20King%20Streets%20Upper%20Hutt%20Wellington%205018%20,/assets/Uploads/organisations/Logo-Gee-and-Hickton-v3__PadWzIwMCwyMDAsIkZGRiIsMF0.jpg
Gee & Hickton- (Porirua),(04)237 5332,,porirua@geeandhickton.co.nz,https://geeandhickton.co.nz/,"6 Norrie Street, Porirua, Wellington, 5022, New Zealand",https://www.google.com/maps/search/?api=1&query=6%20Norrie%20Street%20Porirua%20Wellington%205022%20New%20Zealand%20,/assets/Uploads/organisations/Logo-Gee-and-Hickton-v4__PadWzIwMCwyMDAsIkZGRiIsMF0.jpg
Gentle Touch Funeral Services,06 876 7942,,staff@gentletouch.co.nz,https://www.gentletouch.co.nz/,"920 Heretaunga Street West, Saint Leonards, Hastings, Hawke's Bay, 4120, New Zealand",https://www.google.com/maps/search/?api=1&query=920%20Heretaunga%20Street%20West%20Saint%20Leonards%20Hastings%20Hawke's%20Bay%204120%20New%20Zealand%20,/assets/Uploads/organisations/logo-hor__PadWzIwMCwyMDAsIkZGRiIsMF0.png
Geoffrey T. Sowman Funeral Directors,(03)578 4719,,sowmans@funerals.co.nz,https://sowmans.co.nz/,"Cnr Hutcheson Street & Parker Street, Mayfield, Blenheim, Marlborough, 7201, New Zealand",https://www.google.com/maps/search/?api=1&query=Cnr%20Hutcheson%20Street%20&%20Parker%20Street%20Mayfield%20Blenheim%20Marlborough%207201%20New%20Zealand%20,/assets/Uploads/organisations/Sowmans__PadWzIwMCwyMDAsIkZGRiIsMF0.jpg
Geraldine Funeral Services Ltd,(03)693 8788,,info@geraldinefunerals.co.nz,https://www.galbraithfuneralservice.co.nz/,"186 Talbot Street, Geraldine, Canterbury, 7930",https://www.google.com/maps/search/?api=1&query=186%20Talbot%20Street%20Geraldine%20Canterbury%207930%20,/assets/Uploads/organisations/Geraldine__PadWzIwMCwyMDAsIkZGRiIsMF0.png
Gillions Funeral Services,(03)455 2128,,support@gillions.co.nz,https://www.gillions.co.nz/,"407 Hillside Road, South Dunedin, Dunedin, Otago, 9012",https://www.google.com/maps/search/?api=1&query=407%20Hillside%20Road%20South%20Dunedin%20Dunedin%20Otago%209012%20,/assets/Uploads/organisations/Gillions__PadWzIwMCwyMDAsIkZGRiIsMF0.jpg
Grahams Funeral Services (Pukekohe),(09)238 9797,,admin@grahamsfunerals.co.nz,https://www.grahamsfunerals.co.nz/,"31 West Street, Pukekohe, Auckland, 2120",https://www.google.com/maps/search/?api=1&query=31%20West%20Street%20Pukekohe%20Auckland%202120%20,/assets/Uploads/organisations/Grahams-Funeral-Services-v2__PadWzIwMCwyMDAsIkZGRiIsMF0.jpg
Grahams Funeral Services (Tuakau),(09)236 8919,,admin@grahamsfunerals.co.nz,https://www.grahamsfunerals.co.nz/,"3 West Street, Tuakau, Auckland, 2121, New Zealand",https://www.google.com/maps/search/?api=1&query=3%20West%20Street%20Tuakau%20Auckland%202121%20New%20Zealand%20,/assets/Uploads/organisations/Grahams-Funeral-Services__PadWzIwMCwyMDAsIkZGRiIsMF0.jpg
Grahams Funeral Services (Waiuku),(09)235 8380,,admin@grahamsfunerals.co.nz,https://www.grahamsfunerals.co.nz/,"37 Kitchener Road, Waiuku, Auckland, 2123, New Zealand",https://www.google.com/maps/search/?api=1&query=37%20Kitchener%20Road%20Waiuku%20Auckland%202123%20New%20Zealand%20,/assets/Uploads/organisations/Grahams-Funeral-Services-v3__PadWzIwMCwyMDAsIkZGRiIsMF0.jpg
Grinter's Funeral Home,(07)827 6037,,office@grinters.co.nz,https://www.grinters.co.nz/,"3 Hallys Lane, Cambridge, Waikato, 3434",https://www.google.com/maps/search/?api=1&query=3%20Hallys%20Lane%20Cambridge%20Waikato%203434%20,
Guardian Funeral Home (Johnsonville),(04)477 4025,,brad@funeral-link.co.nz,www.gfh.co.nz,"4 Moorefield Road, Johnsonville, Wellington, Wellington, 6037",https://www.google.com/maps/search/?api=1&query=4%20Moorefield%20Road%20Johnsonville%20Wellington%20Wellington%206037%20,/assets/Uploads/organisations/GFH-LOGO__PadWzIwMCwyMDAsIkZGRiIsMF0.jpg
Guardian Funeral Home (Tawa),(04)232 1588,,brad@funeral-link.co.nz,www.gfh.co.nz,"157 Main Road, Tawa, Wellington, 5028, New Zealand",https://www.google.com/maps/search/?api=1&query=157%20Main%20Road%20Tawa%20Wellington%205028%20New%20Zealand%20,/assets/Uploads/organisations/GFH-LOGO-v2__PadWzIwMCwyMDAsIkZGRiIsMF0.jpg
Gulliver & Tyler (Flaxton Park),(03)310 7460,,admin@gulliver-tyler.co.nz,https://www.gulliver-tyler.co.nz/,"135 Youngs Road, Kaiapoi, Canterbury, 7691",https://www.google.com/maps/search/?api=1&query=135%20Youngs%20Road%20Kaiapoi%20Canterbury%207691%20,/assets/Uploads/organisations/Geraldine-v3__PadWzIwMCwyMDAsIkZGRiIsMF0.png
Gulliver & Tyler (Kaiapoi),(03)327 7249,,admin@gulliver-tyler.co.nz,https://www.gulliver-tyler.co.nz/,"55 Charles Street, Kaiapoi, Canterbury, 7630",https://www.google.com/maps/search/?api=1&query=55%20Charles%20Street%20Kaiapoi%20%20Canterbury%207630%20,/assets/Uploads/organisations/Geraldine-v4__PadWzIwMCwyMDAsIkZGRiIsMF0.png
Gulliver & Tyler (Rangiora),(03)313 8222,,admin@gulliver-tyler.co.nz,https://www.gulliver-tyler.co.nz/,"37 Blackett Street, Rangiora, Canterbury, 7400, New Zealand",https://www.google.com/maps/search/?api=1&query=37%20Blackett%20Street%20Rangiora%20Canterbury%207400%20New%20Zealand%20,/assets/Uploads/organisations/Geraldine-v2__PadWzIwMCwyMDAsIkZGRiIsMF0.png
H Morris Funeral Services,(09)489 5737,,office@hmorris.co.nz,https://hmorris.co.nz/,"31 Ocean View Road, Northcote, Auckland, 0620, New Zealand",https://www.google.com/maps/search/?api=1&query=31%20Ocean%20View%20Road%20Northcote%20Auckland%200620%20New%20Zealand%20,/assets/Uploads/organisations/logo-v7__PadWzIwMCwyMDAsIkZGRiIsMF0.jpg
Hagedorn's Buller Funeral Services,(03)789 7075,,hagedornfs@gmail.com,https://www.hagedorns.co.nz/,"123 Derby St, Westport, West Coast, 7825, New Zealand",https://www.google.com/maps/search/?api=1&query=123%20Derby%20St%20Westport%20West%20Coast%207825%20New%20Zealand%20,/assets/Uploads/organisations/Hagedorn__PadWzIwMCwyMDAsIkZGRiIsMF0.jpg
Hammond & Ryder Funeral Services,(03)208 0949,,office@hammondryder.co.nz,https://www.hammondryder.co.nz/,"3 Surrey Street, Gore, Southland, 9710",https://www.google.com/maps/search/?api=1&query=3%20Surrey%20Street%20Gore%20Southland%209710%20,/assets/Uploads/organisations/Hammond-Ryder-LOGO__PadWzIwMCwyMDAsIkZGRiIsMF0.jpg
Harbour City Funeral Home (Kapiti),(04)298 4888,,brad@funeral-link.co.nz,www.harbourcityfunerals.co.nz,"300 Kapiti Road, Paraparaumu, Wellington, 5032",https://www.google.com/maps/search/?api=1&query=300%20Kapiti%20Road%20Paraparaumu%20Wellington%205032%20,/assets/Uploads/organisations/HCFH-LOgo-v2__PadWzIwMCwyMDAsIkZGRiIsMF0.jpg
Harbour City Funeral Home (Lower Hutt),(04)570 0111,,danny@funeral-link.co.nz,www.harbourcityfunerals.co.nz,"665 High Street, Lower Hutt, Wellington, 5010, New Zealand",https://www.google.com/maps/search/?api=1&query=665%20High%20Street%20Lower%20Hutt%20Wellington%205010%20New%20Zealand%20,/assets/Uploads/organisations/HCFH-LOgo__PadWzIwMCwyMDAsIkZGRiIsMF0.jpg
Harbour City Funeral Home (Upper Hutt),(04)528 8924,,sheryl@tributes.co.nz,www.harbourcityfunerals.co.nz,"Cnr Fergusson Drive & Ward Street, Upper Hutt, Wellington, 5018, New Zealand",https://www.google.com/maps/search/?api=1&query=Cnr%20Fergusson%20Drive%20&%20Ward%20Street%20Upper%20Hutt%20Wellington%205018%20New%20Zealand%20,/assets/Uploads/organisations/HCFH-LOgo-v3__PadWzIwMCwyMDAsIkZGRiIsMF0.jpg
Harbour City Funeral Home (Wellington),(04)387 8301,,geoff@funeral-link.co.nz,www.harbourcityfunerals.co.nz,"56 Onepu Road, Kilbirnie, Wellington, 6022, New Zealand",https://www.google.com/maps/search/?api=1&query=56%20Onepu%20Road%20Kilbirnie%20Wellington%206022%20New%20Zealand%20,/assets/Uploads/organisations/HCFH-LOgo-v4__PadWzIwMCwyMDAsIkZGRiIsMF0.jpg
Hardings Funerals,(06)278 8633,,hardingsfuneral@xtra.co.nz,https://www.hardingsfunerals.co.nz/,"17 Regent Street, Hawera, Taranaki, 4610, New Zealand",https://www.google.com/maps/search/?api=1&query=17%20Regent%20Street%20Hawera%20Taranaki%204610%20New%20Zealand%20,/assets/Uploads/organisations/Logo-2020__PadWzIwMCwyMDAsIkZGRiIsMF0.jpg
Harvey Bowler Funeral Services (Levin),(06)368 2954,,support@harveybowler.co.nz,https://www.harveybowler.co.nz/,"284 Oxford Street, Levin, Manawatu-Whanganui, 5510",https://www.google.com/maps/search/?api=1&query=284%20Oxford%20Street%20Levin%20Manawatu-Whanganui%205510%20,/assets/Uploads/organisations/3-v3__PadWzIwMCwyMDAsIkZGRiIsMF0.-Primary-Horizontal-Brand-Mark-V1-Colour.jpg
Harvey Bowler Funeral Services (Otaki),0800 332 273,,support@harveybowler.co.nz,https://www.harveybowler.co.nz/,"14 Rangatira Street, Otaki, Manawatu-Whanganui, 5512, New Zealand",https://www.google.com/maps/search/?api=1&query=14%20Rangatira%20Street%20Otaki%20Manawatu-Whanganui%205512%20New%20Zealand%20,/assets/Uploads/organisations/3__PadWzIwMCwyMDAsIkZGRiIsMF0.-Primary-Horizontal-Brand-Mark-V1-Colour.jpg
Harvey Bowler Funeral Services (Shannon),0800 332 273,,support@harveybowler.co.nz,https://www.harveybowler.co.nz/,"19 Ballance Street, Shannon, Manawatu-Whanganui, 4821",https://www.google.com/maps/search/?api=1&query=19%20Ballance%20Street%20Shannon%20Manawatu-Whanganui%204821%20,/assets/Uploads/organisations/3-v2__PadWzIwMCwyMDAsIkZGRiIsMF0.-Primary-Horizontal-Brand-Mark-V1-Colour.jpg
Haven Funeral Services,07 828 76290800 142836,,info@havenfunerals.co.nz,http://www.havenfunerals.co.nz/,"32 William Street, Huntly, Waikato, 3700, New Zealand",https://www.google.com/maps/search/?api=1&query=32%20William%20Street%20Huntly%20Waikato%203700%20New%20Zealand%20,
Heartland Funerals,08004327852,,info@heartlandfunerals.co.nz,https://www.heartlandfunerals.co.nz/,"22 Arthur Street, Timaru, Canterbury, 7910, New Zealand",https://www.google.com/maps/search/?api=1&query=22%20Arthur%20Street%20Timaru%20Canterbury%207910%20New%20Zealand%20,/assets/Uploads/organisations/Heartlands-logo__PadWzIwMCwyMDAsIkZGRiIsMF0.JPG
Hope & Sons (North Taieri) - Dukes Road Crematorium,(03)489 3111,,office@dukesroad.co.nz,https://hopeandsons.co.nz/,"169 Dukes Road North, Mosgiel, Otago, 9024, New Zealand",https://www.google.com/maps/search/?api=1&query=169%20Dukes%20Road%20North%20Mosgiel%20%20Otago%209024%20New%20Zealand%20,
Hope and Sons (Dunedin),(03)455 5074,,office@hopeandsons.co.nz,https://hopeandsons.co.nz/,"523 Andersons Bay Road, Dunedin, Otago, 9012, New Zealand",https://www.google.com/maps/search/?api=1&query=523%20Andersons%20Bay%20Road%20Dunedin%20Otago%209012%20New%20Zealand%20,/assets/Uploads/organisations/Hope-Sons__PadWzIwMCwyMDAsIkZGRiIsMF0.png
Hope and Sons (Mosgiel),(03)489 3120,,office@hopeandsons.co.nz,https://hopeandsons.co.nz/,"41 Gordon Road, Mosgiel, Otago, 9024",https://www.google.com/maps/search/?api=1&query=41%20Gordon%20Road%20Mosgiel%20Otago%209024%20,/assets/Uploads/organisations/Hope-Sons-v2__PadWzIwMCwyMDAsIkZGRiIsMF0.png
Hope and Sons (Palmerston South),0800 555 074,,office@hopeandsons.co.nz,https://hopeandsons.co.nz/,"87 Tiverton St, Palmerston South, Otago, 9430",https://www.google.com/maps/search/?api=1&query=87%20Tiverton%20St%20Palmerston%20South%20Otago%209430%20,/assets/Uploads/organisations/Hope-Sons-v4__PadWzIwMCwyMDAsIkZGRiIsMF0.png
Howard & Gannon Funerals,(06) 845 1234,,howardandgannon@xtra.co.nz,https://www.funerals.kiwi.nz/,"230 Gloucester Street, Taradale, Napier, Hawke's Bay, 4112, New Zealand",https://www.google.com/maps/search/?api=1&query=230%20Gloucester%20Street%20Taradale%20Napier%20Hawke's%20Bay%204112%20New%20Zealand%20,/assets/Uploads/organisations/Howard-Gannon-Locally-Owned-v3__PadWzIwMCwyMDAsIkZGRiIsMF0.jpg
I. C. Mark (Levin),(06)368 8108,,markinc@xtra.co.nz,http://www.icmark.co.nz/,"545-547 Queen Street, Levin, Manawatu-Whanganui, 5510",https://www.google.com/maps/search/?api=1&query=545-547%20Queen%20Street%20Levin%20Manawatu-Whanganui%205510%20,/assets/Uploads/organisations/IC-Mark-logo-v2__PadWzIwMCwyMDAsIkZGRiIsMF0.jpg
I. C. Mark Ltd (Otaki),(06)368 8108,,markinc@xtra.co.nz,http://www.icmark.co.nz/,"197 Mill Road, Otaki, Manawatu-Whanganui, 5512",https://www.google.com/maps/search/?api=1&query=197%20Mill%20Road%20Otaki%20Manawatu-Whanganui%205512%20,/assets/Uploads/organisations/IC-Mark-logo__PadWzIwMCwyMDAsIkZGRiIsMF0.jpg
Invercargill Cremations,,,office@invercargillcremations.co.nz,,,https://www.google.com/maps/search/?api=1&query=,
J. Fraser & Sons,(03)218 4095,,office@frasersfunerals.co.nz,https://frasersfunerals.co.nz/,"Cnr Esk & Doon Streets, Invercargill, Southland, 9810, New Zealand",https://www.google.com/maps/search/?api=1&query=Cnr%20Esk%20&%20Doon%20Streets%20Invercargill%20Southland%209810%20New%20Zealand%20,/assets/Uploads/organisations/Newspaper-Logo__PadWzIwMCwyMDAsIkZGRiIsMF0.JPG
James R. Hill Funeral Directors,(07)855 5541,,staff@jamesrhill.co.nz,https://jamesrhill.co.nz/,"717 Grey Street, Claudelands, Hamilton, Waikato, 3216",https://www.google.com/maps/search/?api=1&query=717%20Grey%20Street%20Claudelands%20Hamilton%20Waikato%203216%20,/assets/Uploads/organisations/James-R-Hill__PadWzIwMCwyMDAsIkZGRiIsMF0.jpg
Jason Morrison Funeral Services,(09)425 7707,,office@jasonmorrison.co.nz,https://www.jasonmorrison.co.nz/,"24 Whitaker Road, Warkworth, Auckland, 0910, New Zealand",https://www.google.com/maps/search/?api=1&query=24%20Whitaker%20Road%20Warkworth%20Auckland%200910%20New%20Zealand%20,/assets/Uploads/organisations/Jason-Morrison__PadWzIwMCwyMDAsIkZGRiIsMF0.jpg
John Rhind Funeral Directors (Christchurch),(03)379 9920,,staff@johnrhind.co.nz,https://johnrhind.co.nz/,"15-19 London Street, Richmond, Christchurch, Canterbury, 8013",https://www.google.com/maps/search/?api=1&query=15-19%20London%20Street%20Richmond%20Christchurch%20Canterbury%208013%20,/assets/Uploads/organisations/John-Rhind__PadWzIwMCwyMDAsIkZGRiIsMF0.png
John Rhind Funeral Directors (Kaiapoi),03 3277499,,kaiapoi@johnrhind.co.nz,https://johnrhind.co.nz/kaiapoi/,"118 Williams St, Kaiapoi, Canterbury, 7630",https://www.google.com/maps/search/?api=1&query=118%20Williams%20St%20Kaiapoi%20Canterbury%207630%20,/assets/Uploads/organisations/John-Rhind-v2__PadWzIwMCwyMDAsIkZGRiIsMF0.png
Jones and Company Funeral Services (Mt Maunganui),(07)575 4122,,enquiry@jonesandco.co.nz,http://jonesandco.co.nz/,"24 Tawa Street, Mt Maunganui, Bay of Plenty, 3116",https://www.google.com/maps/search/?api=1&query=24%20Tawa%20Street%20Mt%20Maunganui%20Bay%20of%20Plenty%203116%20,/assets/Uploads/organisations/Jones-Co-v2__PadWzIwMCwyMDAsIkZGRiIsMF0.jpg
Jones and Company Funeral Services (Tauranga),(07)578 4009,,enquiry@jonesandco.co.nz,http://jonesandco.co.nz/,"143 Thirteenth Avenue, Tauranga, Bay of Plenty, 3112, New Zealand",https://www.google.com/maps/search/?api=1&query=143%20Thirteenth%20Avenue%20Tauranga%20Bay%20of%20Plenty%203112%20New%20Zealand%20,/assets/Uploads/organisations/Jones-Co__PadWzIwMCwyMDAsIkZGRiIsMF0.jpg
Jones and Company Funeral Services (Te Puke),(07)573 9255,,enquiry@jonesandco.co.nz,http://jonesandco.co.nz/,"2 Oroua Street, Te Puke, Bay of Plenty, 3119, New Zealand",https://www.google.com/maps/search/?api=1&query=2%20Oroua%20Street%20Te%20Puke%20Bay%20of%20Plenty%203119%20New%20Zealand%20,/assets/Uploads/organisations/Jones-Co-v3__PadWzIwMCwyMDAsIkZGRiIsMF0.jpg
Kaikoura Funeral Services,,,,http://www.kaikourafunerals.co.nz/,"94 Beach Road, Kaikoura, West Coast, 7300, New Zealand",https://www.google.com/maps/search/?api=1&query=94%20Beach%20Road%20Kaikoura%20West%20Coast%207300%20New%20Zealand%20,
Kapiti Coast Funeral Home,(04)298 5168,,accounts@kapitifuneral.co.nz,https://kapiticoastfuneralhome.co.nz/,"9-11 Hinemoa Street, Paraparaumu, Wellington, 5032, New Zealand",https://www.google.com/maps/search/?api=1&query=9-11%20Hinemoa%20Street%20Paraparaumu%20Wellington%205032%20New%20Zealand%20,/assets/Uploads/organisations/Kapiti-Coast__PadWzIwMCwyMDAsIkZGRiIsMF0.jpg
Kelly Funeral Home,(06)374 7971,,enquiries@kellyfuneralhome.co.nz,,"9 Gordon Street, Dannevirke, Manawatu-Whanganui, 4930, New Zealand",https://www.google.com/maps/search/?api=1&query=9%20Gordon%20Street%20Dannevirke%20Manawatu-Whanganui%204930%20New%20Zealand%20,/assets/Uploads/organisations/Kelly__PadWzIwMCwyMDAsIkZGRiIsMF0.jpg
Lamb & Hayward,(03)359 9018,,westpark@lambandhayward.co.nz,https://www.lambandhayward.co.nz/,"467 Wairakei Road, Burnside, Christchurch, Canterbury, 8053, New Zealand",https://www.google.com/maps/search/?api=1&query=467%20Wairakei%20Road%20Burnside%20Christchurch%20Canterbury%208053%20New%20Zealand%20,/assets/Uploads/organisations/Lamb-Hayward__PadWzIwMCwyMDAsIkZGRiIsMF0.png
Lamb & Hayward (AvonPark Chapel),(03)381 1089,,avonpark@lambandhayward.co.nz,https://www.lambandhayward.co.nz/,"2 Kerrs Road, Linwood, ChCh, Canterbury, 8067",https://www.google.com/maps/search/?api=1&query=2%20Kerrs%20Road%20Linwood%20ChCh%20Canterbury%208067%20,/assets/Uploads/organisations/Lamb-Hayward-v2__PadWzIwMCwyMDAsIkZGRiIsMF0.png
Lamb & Hayward Ltd (Wai-mana),(03)313 1430,,waimana@lambandhayward.co.nz,https://www.lambandhayward.co.nz/,"92 Kippenberger Avenue, Rangiora, Canterbury, 7400",https://www.google.com/maps/search/?api=1&query=92%20Kippenberger%20Avenue%20Rangiora%20Canterbury%207400%20,/assets/Uploads/organisations/Lamb-Hayward-v3__PadWzIwMCwyMDAsIkZGRiIsMF0.png
Legacy Funerals (Cambridge),(07) 827 7649,,jono@cambridgefunerals.co.nz,www.legacyfunerals.co.nz,"2 Albert Street, Cambridge, Waikato, 3434, New Zealand",https://www.google.com/maps/search/?api=1&query=2%20Albert%20Street%20Cambridge%20Waikato%203434%20New%20Zealand%20,/assets/Uploads/organisations/Cambridge-logo-2018__PadWzIwMCwyMDAsIkZGRiIsMF0.jpg
Legacy Funerals (Hamilton),,,office@legacyfunerals.co.nz,https://www.legacyfunerals.co.nz/,"513 Anglesea Street, Hamilton, Waikato, 3204, New Zealand",https://www.google.com/maps/search/?api=1&query=513%20Anglesea%20Street%20Hamilton%20Waikato%203204%20New%20Zealand%20,/assets/Uploads/organisations/Legacy-Funerals-v5__PadWzIwMCwyMDAsIkZGRiIsMF0.jpg
Legacy Funerals (Papamoa),(07)543 4780,,office@legacyfunerals.co.nz,https://www.legacyfunerals.co.nz/,"53 Te Okuroa Drive, Papamoa, Bay of Plenty, 3118, New Zealand",https://www.google.com/maps/search/?api=1&query=53%20Te%20Okuroa%20Drive%20Papamoa%20Bay%20of%20Plenty%203118%20New%20Zealand%20,/assets/Uploads/organisations/Legacy-Funerals-v2__PadWzIwMCwyMDAsIkZGRiIsMF0.jpg
Legacy Funerals (Pyes Pa),(07)543 4780,,office@legacyfunerals.co.nz,https://www.legacyfunerals.co.nz/,"383 Pyes Pa Road, Tauranga, Bay of Plenty, 3173, New Zealand",https://www.google.com/maps/search/?api=1&query=383%20Pyes%20Pa%20Road%20Tauranga%20Bay%20of%20Plenty%203173%20New%20Zealand%20,/assets/Uploads/organisations/Legacy-Funerals__PadWzIwMCwyMDAsIkZGRiIsMF0.jpg
Legacy Funerals (Woodhill/Otumoetai branch),(07)543 4780,,office@legacyfunerals.co.nz,https://www.legacyfunerals.co.nz/,"167 Grange Road, Tauranga, Bay of Plenty, 3110",https://www.google.com/maps/search/?api=1&query=167%20Grange%20Road%20Tauranga%20Bay%20of%20Plenty%203110%20,/assets/Uploads/organisations/Legacy-Funerals-v3__PadWzIwMCwyMDAsIkZGRiIsMF0.jpg
Leishman Funeral Services,03 418 2814,,office@leishmanfunerals.co.nz,https://www.leishmanfunerals.co.nz/,"12 James Street, Balclutha, Otago, New Zealand",https://www.google.com/maps/search/?api=1&query=12%20James%20Street%20Balclutha%20Otago%20New%20Zealand%20,/assets/Uploads/organisations/logo-footer-colour__PadWzIwMCwyMDAsIkZGRiIsMF0.jpg
Lychgate Funerals (Johnsonville),(04)477 6855,,staff@lychgate.co.nz,https://lychgate.co.nz/,"7 Johnsonville Road, Johnsonville, Wellington, 6037",https://www.google.com/maps/search/?api=1&query=7%20Johnsonville%20Road%20Johnsonville%20Wellington%206037%20,/assets/Uploads/organisations/Lychgate-v2__PadWzIwMCwyMDAsIkZGRiIsMF0.jpg
Lychgate Funerals (Wellington City),(04)385 0745,,staff@lychgate.co.nz,https://lychgate.co.nz/,"306 Willis Street, Wellington CBD, Wellington, 6011",https://www.google.com/maps/search/?api=1&query=306%20Willis%20Street%20Wellington%20CBD%20Wellington%206011%20,/assets/Uploads/organisations/Lychgate__PadWzIwMCwyMDAsIkZGRiIsMF0.jpg
Macdonald and Weston Funeral Home,(03)218 2156,,office@mwfunerals.co.nz,https://mwfunerals.co.nz/,"131 Yarrow Street, Invercargill, Southland, 9810, New Zealand",https://www.google.com/maps/search/?api=1&query=131%20Yarrow%20Street%20Invercargill%20Southland%209810%20New%20Zealand%20,/assets/Uploads/organisations/MacDonald-Weston__PadWzIwMCwyMDAsIkZGRiIsMF0.png
Mangawhai Funerals,09 431 7707,,,,"8 Molesworth Drive, Mangawhai, Northland, 0505, New Zealand",https://www.google.com/maps/search/?api=1&query=8%20Molesworth%20Drive%20%20Mangawhai%20Northland%200505%20New%20Zealand%20,
Marlborough Funeral Services,(03)578 0686,,bholmwood@sowmansfunerals.co.nz,https://sowmans.co.nz/,"14 Hutcheson Street, Blenheim, Marlborough, 7201, New Zealand",https://www.google.com/maps/search/?api=1&query=14%20Hutcheson%20Street%20Blenheim%20Marlborough%207201%20New%20Zealand%20,
Matuku Funerals,027 777 4738,,laura@matukufunerals.co.nz,https://matukufunerals.co.nz/,"Caretaker's Cottage 574 East Takaka Road, RD 1, Takaka, Tasman-Nelson, 7183, New Zealand",https://www.google.com/maps/search/?api=1&query=Caretaker's%20Cottage%20574%20East%20Takaka%20Road%20RD%201%20Takaka%20Tasman-Nelson%207183%20New%20Zealand%20,/assets/Uploads/organisations/Artboard-4-copy-2__PadWzIwMCwyMDAsIkZGRiIsMF0.jpg
McBride's Monumental Masons,(03)686 2148,,jim@aoraki.kiwi.nz,https://www.mcbridesmonuments.com/,"160 Mountain View Road, Timaru, Canterbury, 7910, New Zealand",https://www.google.com/maps/search/?api=1&query=160%20Mountain%20View%20Road%20Timaru%20Canterbury%207910%20New%20Zealand%20,
McKinnon Group Ltd,03 358 8807,,,http://www.mckinnongroup.co.nz,,https://www.google.com/maps/search/?api=1&query=,
Melrose Funeral Home,0800200635(07) 571 4052,,carla@melrosefuneralhome.co.nz,https://www.melrosefuneralhome.co.nz/,"20 Whiore Ave, Tauriko, Tauranga, Bay of Plenty, New Zealand","https://www.google.com/maps/search/?api=1&query=20%20Whiore%20Ave,%20Tauriko%20%20%20Tauranga%20Bay%20of%20Plenty%20New%20Zealand%20",
Morris & Morris (Dargaville),(09)439 8048,,office@morrisandmorris.co.nz,https://www.morrisandmorris.co.nz/,"Cnr Victoria & Gladstone Streets, Dargaville, Northland, 0310, New Zealand",https://www.google.com/maps/search/?api=1&query=Cnr%20Victoria%20&%20Gladstone%20Streets%20Dargaville%20Northland%200310%20New%20Zealand%20,/assets/Uploads/organisations/2020-Horizontal-Logo-Morris-and-Morris-Final_Page_5-v2__PadWzIwMCwyMDAsIkZGRiIsMF0.jpg
Morris & Morris Ltd (Whangarei),(09)437 5799,,office@morrisandmorris.co.nz,https://www.morrisandmorris.co.nz/,"199 Kamo Road, Whangarei, Northland, 0112, New Zealand",https://www.google.com/maps/search/?api=1&query=199%20Kamo%20Road%20Whangarei%20Northland%200112%20New%20Zealand%20,/assets/Uploads/organisations/2020-Horizontal-Logo-Morris-and-Morris-Final_Page_5__PadWzIwMCwyMDAsIkZGRiIsMF0.jpg
Morrison Funeral Directors (Royal Oak),0274592747,0274592747,brian.stott@morrisons.co.nz,https://morrisons.co.nz/,"725 Mt Albert Road, Royal Oak, Auckland, 1023, New Zealand",https://www.google.com/maps/search/?api=1&query=725%20Mt%20Albert%20Road%20Royal%20Oak%20Auckland%201023%20New%20Zealand%20,/assets/Uploads/organisations/Morrsion-Funerals-logo__PadWzIwMCwyMDAsIkZGRiIsMF0.JPG
Morrisons Funerals (Glen Innes),(09)521 3100,,enquiry@morrisons.co.nz,http://www.morrisons.co.nz/,"79 Line Road, Glen Innes, Auckland, 0172",https://www.google.com/maps/search/?api=1&query=79%20Line%20Road%20Glen%20Innes%20Auckland%200172%20,/assets/Uploads/organisations/Morrisons-Funerals-Hi-Res-M-only-v3__PadWzIwMCwyMDAsIkZGRiIsMF0.png
Morrisons Funerals (Henderson),(09)836 0029,,enquiry@morrisons.co.nz,http://www.morrisons.co.nz/,"220 Universal Drive, Henderson, Auckland, 0610",https://www.google.com/maps/search/?api=1&query=220%20Universal%20Drive%20Henderson%20Auckland%200610%20,/assets/Uploads/organisations/Morrisons-Funerals-Hi-Res-M-only-v2__PadWzIwMCwyMDAsIkZGRiIsMF0.png
Mountain View Funeral Services,(07)350 1461,,office@mvfs.co.nz,http://www.mvfs.co.nz/,"1 Pukehangi Road, Rotorua, Bay of Plenty, 3015, New Zealand",https://www.google.com/maps/search/?api=1&query=1%20Pukehangi%20Road%20Rotorua%20Bay%20of%20Plenty%203015%20New%20Zealand%20,/assets/Uploads/organisations/Mountain-View__PadWzIwMCwyMDAsIkZGRiIsMF0.jpg
Ninness Funeral Home,(04)237 4174,,info@ninness.co.nz,https://www.ninness.co.nz/,"17 Kenepuru Drive, Porirua, Wellington, 5022, New Zealand",https://www.google.com/maps/search/?api=1&query=17%20Kenepuru%20Drive%20Porirua%20Wellington%205022%20New%20Zealand%20,/assets/Uploads/organisations/Ninness__PadWzIwMCwyMDAsIkZGRiIsMF0.png
Osbornes Funeral Directors,(07)348 3600,,admin@osbornes.co.nz,https://osbornes.co.nz/,"197 Old Taupo Road, Rotorua, Bay of Plenty, 3015, New Zealand",https://www.google.com/maps/search/?api=1&query=197%20Old%20Taupo%20Road%20Rotorua%20Bay%20of%20Plenty%203015%20New%20Zealand%20,/assets/Uploads/organisations/Osbornes__PadWzIwMCwyMDAsIkZGRiIsMF0.png
Palmer Funeral Services,(03)359 9422,,​info@palmerfunerals.co.nz,http://www.palmerfunerals.co.nz/,"150 Harewood Road, Christchurch, Canterbury, 8051, New Zealand",https://www.google.com/maps/search/?api=1&query=150%20Harewood%20Road%20Christchurch%20Canterbury%208051%20New%20Zealand%20,/assets/Uploads/organisations/Palmer__PadWzIwMCwyMDAsIkZGRiIsMF0.png
Paterson's Funeral Services,(03)307 7433,,office@patersonsfunerals.co.nz,https://www.patersonsfuneralservices.co.nz/,"Cnr East & Cox Streets, Ashburton, Canterbury, 7700, New Zealand",https://www.google.com/maps/search/?api=1&query=Cnr%20East%20&%20Cox%20Streets%20Ashburton%20Canterbury%207700%20New%20Zealand%20,/assets/Uploads/organisations/Patersons__PadWzIwMCwyMDAsIkZGRiIsMF0.jpg
Pellows Funeral Directors,(07)856 5129,,funerals@pellows.co.nz,https://pellowsfunerals.co.nz/,"138 Grey Street, Hamilton, Waikato, 3216, New Zealand",https://www.google.com/maps/search/?api=1&query=138%20Grey%20Street%20Hamilton%20Waikato%203216%20New%20Zealand%20,/assets/Uploads/organisations/Pellows-2018__PadWzIwMCwyMDAsIkZGRiIsMF0.jpg
Pickering Funeral Services,(06)838 7606,,office@pickeringfd.co.nz,https://www.pickeringfd.co.nz/,"62 Marine Parade, Wairoa, Hawke's Bay, 4108",https://www.google.com/maps/search/?api=1&query=62%20Marine%20Parade%20Wairoa%20Hawke's%20Bay%204108%20,/assets/Uploads/organisations/Pickering__PadWzIwMCwyMDAsIkZGRiIsMF0.jpg
Purely Cremations & Simple Burials,0800 882 123,,info@purelycremations.co.nz,https://purely-cremations-and-simple-burials.co.nz/,"5 Roy Street, Palmerston North, Manawatu-Whanganui, 4410, New Zealand",https://www.google.com/maps/search/?api=1&query=5%20Roy%20Street%20%20Palmerston%20North%20Manawatu-Whanganui%204410%20New%20Zealand%20,/assets/Uploads/organisations/Purely-Cremations__PadWzIwMCwyMDAsIkZGRiIsMF0.png
Resthaven Funerals (Howick),(09)533 7493,,fd@resthavenfunerals.co.nz,https://resthavenfunerals.co.nz/,"Cnr Picton & Walter MacDonald Streets, Howick, Auckland, 2014, New Zealand",https://www.google.com/maps/search/?api=1&query=Cnr%20Picton%20&%20Walter%20MacDonald%20Streets%20Howick%20Auckland%202014%20New%20Zealand%20,/assets/Uploads/organisations/Resthaven__PadWzIwMCwyMDAsIkZGRiIsMF0.png
Resthaven Funerals (Manurewa),(09)267 2530,,fd@resthavenfunerals.co.nz,https://resthavenfunerals.co.nz/,"88 Great South Road, Manurewa, Auckland, 2112, New Zealand",https://www.google.com/maps/search/?api=1&query=88%20Great%20South%20Road%20Manurewa%20Auckland%202112%20New%20Zealand%20,/assets/Uploads/organisations/Resthaven-v2__PadWzIwMCwyMDAsIkZGRiIsMF0.png
Richmond Funeral Home (Carterton),(06)379 7616,,admin@richmondfuneralhome.co.nz,https://richmondfuneralhome.co.nz/,"10 Richmond Road, Carterton, Wellington, 5713, New Zealand",https://www.google.com/maps/search/?api=1&query=10%20Richmond%20Road%20Carterton%20Wellington%205713%20New%20Zealand%20,/assets/Uploads/organisations/Richmond-Funeral-Home__PadWzIwMCwyMDAsIkZGRiIsMF0.jpg
Richmond Funeral Home (Featherston),0800 379 7616,,admin@richmondfuneralhome.co.nz,https://richmondfuneralhome.co.nz/,"2 Fitzherbert Street, Featherston, Wellington, 5710, New Zealand",https://www.google.com/maps/search/?api=1&query=2%20Fitzherbert%20Street%20Featherston%20Wellington%205710%20New%20Zealand%20,/assets/Uploads/organisations/Richmond-Funeral-Home-v2__PadWzIwMCwyMDAsIkZGRiIsMF0.jpg
Robert J. Cotton Funeral Directors,(06)355 2529,,admin@robertjcotton.co.nz,https://www.robertjcotton.co.nz/,"697 Main Street, Palmerston North, Manawatu-Whanganui, 4414, New Zealand",https://www.google.com/maps/search/?api=1&query=697%20Main%20Street%20Palmerston%20North%20Manawatu-Whanganui%204414%20New%20Zealand%20,/assets/Uploads/organisations/RJC_Logo_positive_cmyk_highres_white-v2__PadWzIwMCwyMDAsIkZGRiIsMF0.jpg
Rose City Funeral Home,(06)354 8888,,info@rosecityfunerals.co.nz,http://www.rosecityfuneralhome.co.nz/,"5 Roy Street, Palmerston North, Manawatu-Whanganui, 4410, New Zealand",https://www.google.com/maps/search/?api=1&query=5%20Roy%20Street%20%20Palmerston%20North%20Manawatu-Whanganui%204410%20New%20Zealand%20,/assets/Uploads/organisations/Rose-City__PadWzIwMCwyMDAsIkZGRiIsMF0.jpg
Rosetown Funeral Home,+6478702137,,office@rosetown.co.nz,https://www.rosetown.co.nz/,"262 Ohaupo Road, Te Awamutu, Waikato, 3879, New Zealand",https://www.google.com/maps/search/?api=1&query=262%20Ohaupo%20Road%20Te%20Awamutu%20Waikato%203879%20New%20Zealand%20,
Rosewood Funeral Home,(06)370 8088,,contact@rosewood.nz,https://www.rosewoodfuneralhome.co.nz/,"417 Queen Street, Masterton, Wellington, 5810, New Zealand",https://www.google.com/maps/search/?api=1&query=417%20Queen%20Street%20Masterton%20Wellington%205810%20New%20Zealand%20,/assets/Uploads/organisations/Rosewood-Logo-email-signature-v2__PadWzIwMCwyMDAsIkZGRiIsMF0.jpg
Rowley Funerals,(09)445 9800,,info@rowleyfunerals.co.nz,https://www.rowleyfunerals.co.nz/,"16 Anne Street, Devonport, Auckland, 0624, New Zealand",https://www.google.com/maps/search/?api=1&query=16%20Anne%20Street%20Devonport%20Auckland%200624%20New%20Zealand%20,/assets/Uploads/organisations/Rowleys-logo__PadWzIwMCwyMDAsIkZGRiIsMF0.JPG
Sadliers Funeral Services,,,seddonpark@seddonpark.co.nz,,"358 Thames Street, Morrinsville, Waikato, 3300, New Zealand",https://www.google.com/maps/search/?api=1&query=358%20Thames%20Street%20Morrinsville%20%20Waikato%203300%20New%20Zealand%20,
Scotts Funeral Services,(09)407 6367,,info@scottsfunerals.co.nz,http://www.scottsfunerals.co.nz/,"47 Hobson Avenue, Kerikeri, Northland, 0230, New Zealand",https://www.google.com/maps/search/?api=1&query=47%20Hobson%20Avenue%20Kerikeri%20Northland%200230%20New%20Zealand%20,/assets/Uploads/organisations/Scotts-logo__PadWzIwMCwyMDAsIkZGRiIsMF0.jpg
Seddon Park Funeral Home,(07)846 1561,,seddonpark@seddonpark.co.nz,https://www.seddonpark.co.nz/,"49 Seddon Road, Hamilton North, Hamilton, Waikato, 3204, New Zealand",https://www.google.com/maps/search/?api=1&query=49%20Seddon%20Road%20Hamilton%20North%20Hamilton%20Waikato%203204%20New%20Zealand%20,/assets/Uploads/organisations/New-Logo-2019__PadWzIwMCwyMDAsIkZGRiIsMF0.jpg
Selwyn District Funeral Services,(03)347 7254,,info@selwyndistrictfunerals.co.nz,https://www.selwyndistrictfunerals.co.nz/,"817 Jones Road, Rolleston, Canterbury, 7675, New Zealand",https://www.google.com/maps/search/?api=1&query=817%20Jones%20Road%20Rolleston%20Canterbury%207675%20New%20Zealand%20,/assets/Uploads/organisations/Selwyn__PadWzIwMCwyMDAsIkZGRiIsMF0.jpg
Shone & Shirley Funeral Directors,(03)546 5700,,funerals@shoneandshirley.co.nz,https://www.shoneandshirley.co.nz/,"164 Tahunanui Drive, Tahunanui, Nelson, Tasman-Nelson, 7011",https://www.google.com/maps/search/?api=1&query=164%20Tahunanui%20Drive%20Tahunanui%20Nelson%20Tasman-Nelson%207011%20,/assets/Uploads/organisations/Shones__PadWzIwMCwyMDAsIkZGRiIsMF0.jpg
Sibuns Funeral Directors & Advisors,(09)520 3119,,staff@sibuns.co.nz,https://sibuns.co.nz/,"582 Remuera Road, Remuera, Auckland, 1050, New Zealand",https://www.google.com/maps/search/?api=1&query=582%20Remuera%20Road%20Remuera%20Auckland%201050%20New%20Zealand%20,/assets/Uploads/organisations/Sibuns__PadWzIwMCwyMDAsIkZGRiIsMF0.png
Simplicity Bereavement Services (Hamilton),07-847 6851,,info@simplicityhamilton.co.nz,www.simplicityhamilton.co.nz,"382 Wairere Drive, Te Rapa, Hamilton, Waikato, 3200, New Zealand",https://www.google.com/maps/search/?api=1&query=382%20Wairere%20Drive%20Te%20Rapa%20Hamilton%20Waikato%203200%20New%20Zealand%20,/assets/Uploads/organisations/25065736-57C7-431D-82A7-0F352D42F3BB__PadWzIwMCwyMDAsIkZGRiIsMF0.jpeg
Simplicity Bereavement Services (Hastings),06 878 3391,,simplicityhb@xtra.co.nz,https://www.simplicityhawkesbay.co.nz,"108 Alexandra Crescent, Mayfair, Hastings, Hawke's Bay, 4122, New Zealand",https://www.google.com/maps/search/?api=1&query=108%20Alexandra%20Crescent%20Mayfair%20Hastings%20%20Hawke's%20Bay%204122%20New%20Zealand%20,/assets/Uploads/organisations/logo-CREAM-AND-WHITE-MAROON-BG-background-copy__PadWzIwMCwyMDAsIkZGRiIsMF0.png
Simplicity Bereavement Services (Napier),06 833 6205,,info@simplicityhb.co.nz,https://simplicityhawkesbay.co.nz/,"60 Munroe Street, Napier, Hawke's Bay, 4110, New Zealand",https://www.google.com/maps/search/?api=1&query=60%20Munroe%20Street%20Napier%20Hawke's%20Bay%204110%20New%20Zealand%20,
Simplicity Funerals (Nelson),(03)539 0066,,nelson@simplicity.co.nz,https://nelson.simplicity.co.nz/,"69 Haven Road, Nelson, Tasman-Nelson, 7010",https://www.google.com/maps/search/?api=1&query=69%20Haven%20Road%20Nelson%20Tasman-Nelson%207010%20,/assets/Uploads/organisations/2019-Logo-Simplicity-Funerals__PadWzIwMCwyMDAsIkZGRiIsMF0.png
Simply Funerals (Auckland & Waikato branch),07 849 21390800 920 222,,,https://www.simplycremations.co.nz/,"388 Wairere Drive, Te Rapa, Hamilton, Hamilton, Waikato, 3200, New Zealand",https://www.google.com/maps/search/?api=1&query=388%20Wairere%20Drive%20Te%20Rapa%20Hamilton%20%20Hamilton%20Waikato%203200%20New%20Zealand%20,/assets/Uploads/organisations/117198426_385547285761667_2314454405670657815_n__PadWzIwMCwyMDAsIkZGRiIsMF0.jpg
Simply Funerals (Coromandel/BOP branch),0800 920 222,,info@simplycremations.co.nz,www.simplyfunerals.co.nz,"20 Whiore Drive, Tauriko, Tauranga, Bay of Plenty, New Zealand",https://www.google.com/maps/search/?api=1&query=20%20Whiore%20Drive%20Tauriko%20Tauranga%20Bay%20of%20Plenty%20New%20Zealand%20,/assets/Uploads/organisations/AF5463B6-A4D1-454D-8A70-5659A79B0589__PadWzIwMCwyMDAsIkZGRiIsMF0.jpeg
South Taranaki Funeral Services,(06)278 8088,0220159713,glenn.rogers@stfs.co.nz,https://www.southtaranakifunerals.co.nz,"268 High Street, Hawera, Taranaki, 4610, New Zealand",https://www.google.com/maps/search/?api=1&query=268%20High%20Street%20Hawera%20Taranaki%204610%20New%20Zealand%20,/assets/Uploads/organisations/logo-only__PadWzIwMCwyMDAsIkZGRiIsMF0.png
South Waikato Funeral Services,(07)886 5160,,office@swfs.co.nz,https://www.swfs.co.nz/,"30 Commerce Street, Tokoroa, Waikato, 3420, New Zealand",https://www.google.com/maps/search/?api=1&query=30%20Commerce%20Street%20Tokoroa%20Waikato%203420%20New%20Zealand%20,/assets/Uploads/organisations/South-Waikato__PadWzIwMCwyMDAsIkZGRiIsMF0.png
Southern Funeral Home,(03)208 8004,,southernfuneralhome@xtra.co.nz,http://www.southernfuneralhome.co.nz/,"106 Hokonui Drive, Gore, Southland, 9710",https://www.google.com/maps/search/?api=1&query=106%20Hokonui%20Drive%20Gore%20Southland%209710%20,/assets/Uploads/organisations/SFH-new-logo__PadWzIwMCwyMDAsIkZGRiIsMF0.jpg
Southern Lakes Funerals,(03)442 2399,,southernlakesfunerals@xtra.co.nz,,"Unit 2 / 26 Glenda Drive, Frankton, Queenstown, Otago, 9300, New Zealand",https://www.google.com/maps/search/?api=1&query=Unit%202%20/%2026%20Glenda%20Drive%20%20%20Frankton%20Queenstown%20Otago%209300%20New%20Zealand%20,/assets/Uploads/organisations/SLF-Logo__PadWzIwMCwyMDAsIkZGRiIsMF0.jpg
Tararua Funerals,(06)374 7785,,office@tararuafunerals.co.nz,https://www.tararuafunerals.co.nz/,"51 Denmark Street, Dannevirke, Manawatu-Whanganui, 4930",https://www.google.com/maps/search/?api=1&query=51%20Denmark%20Street%20Dannevirke%20Manawatu-Whanganui%204930%20,/assets/Uploads/organisations/Tararua-Funerals_Main-Logo__PadWzIwMCwyMDAsIkZGRiIsMF0.jpg
Taumarunui Funeral Services,(07)895 7420,,pathorton@xtra.co.nz,,"34 Huia Street, Taumarunui, Waikato, 3920, New Zealand",https://www.google.com/maps/search/?api=1&query=34%20Huia%20Street%20Taumarunui%20Waikato%203920%20New%20Zealand%20,
Taupo Funeral Services,(07)378 9636,,taupo.funeral@xtra.co.nz,http://www.taupofuneral.co.nz/,"117 Rickit Street, Taupo, Waikato, 3330, New Zealand",https://www.google.com/maps/search/?api=1&query=117%20Rickit%20Street%20Taupo%20Waikato%203330%20New%20Zealand%20,/assets/Uploads/organisations/Letterhead-Logo1-TFS__PadWzIwMCwyMDAsIkZGRiIsMF0.png
Te Awamutu Funeral Services,(07)871 5131,,office@teawamutufunerals.co.nz,https://www.teawamutufuneralservices.co.nz/,"570 Alexandra Street, Te Awamutu, Waikato, 3800, New Zealand",https://www.google.com/maps/search/?api=1&query=570%20Alexandra%20Street%20Te%20Awamutu%20Waikato%203800%20New%20Zealand%20,/assets/Uploads/organisations/Te-Awamutu-Funeral-Services-logo__PadWzIwMCwyMDAsIkZGRiIsMF0.jpg
The Lychway Funeral Directors,(06)357 8143,,info@thelychway.co.nz,https://thelychway.co.nz/,"5 Roy Street, Palmerston North, Manawatu-Whanganui, 4410, New Zealand",https://www.google.com/maps/search/?api=1&query=5%20Roy%20Street%20Palmerston%20North%20Manawatu-Whanganui%204410%20New%20Zealand%20,/assets/Uploads/organisations/Lychway__PadWzIwMCwyMDAsIkZGRiIsMF0.jpg
The Wilson Funeral Home (Karori),(04)476 5292,,nigel@funeral-link.co.nz,https://wilsonfunerals.co.nz/,"142 Karori Road, Karori, Wellington, 6012",https://www.google.com/maps/search/?api=1&query=142%20Karori%20Road%20Karori%20Wellington%206012%20,/assets/Uploads/organisations/The-Wilson-Funeral-Home-v2__PadWzIwMCwyMDAsIkZGRiIsMF0.jpg
The Wilson Funeral Home (Newtown),(04)389 6069,,nigel@funeral-link.co.nz,www.wilsonfunerals.co.nz,"375 Adelaide Road, Newtown, Wellington, 6021, New Zealand",https://www.google.com/maps/search/?api=1&query=375%20Adelaide%20Road%20Newtown%20Wellington%206021%20New%20Zealand%20,/assets/Uploads/organisations/The-Wilson-Funeral-Home__PadWzIwMCwyMDAsIkZGRiIsMF0.jpg
Thompson Funeral Directors,(03)755 7993,,thompsonfd@xtra.co.nz,https://thompsonfd.co.nz/,"86 Gibson Quay, Hokitika, West Coast, 7810, New Zealand",https://www.google.com/maps/search/?api=1&query=86%20Gibson%20Quay%20Hokitika%20West%20Coast%207810%20New%20Zealand%20,/assets/Uploads/organisations/Thompson__PadWzIwMCwyMDAsIkZGRiIsMF0.png
Tim Hutchins Funerals,06 875 0233,,info@timhutchinsfunerals.co.nz,https://www.timhutchinsfunerals.co.nz/,"204 St Aubyn St West, Hastings, Hawke's Bay, 4122, New Zealand",https://www.google.com/maps/search/?api=1&query=204%20St%20Aubyn%20St%20West%20Hastings%20Hawke's%20Bay%204122%20New%20Zealand%20,
Twentymans Funeral Services (Paeora),,,funerals@twentymans.co.nz,www.twentymans.co.nz,"Cnr Arney & Willoughby Street, Paeora, Bay of Plenty, 3600, New Zealand",https://www.google.com/maps/search/?api=1&query=Cnr%20Arney%20&%20Willoughby%20Street%20Paeora%20Bay%20of%20Plenty%203600%20New%20Zealand%20,
Twentymans Funeral Services (Thames),07 8686003,,funerals@twentymans.co.nz,www.twentymans.co.nz,"709 Pollen Street, Thames, Waikato, 3500, New Zealand",https://www.google.com/maps/search/?api=1&query=709%20Pollen%20Street%20Thames%20Waikato%203500%20New%20Zealand%20,
Twentymans Funeral Services (Whangamata),(07) 8686003,,funerals@twentymans.co.nz,www.twentymans.co.nz,"303A Port Road, Whangamata, Bay of Plenty, 3620, New Zealand",https://www.google.com/maps/search/?api=1&query=303A%20Port%20Road%20Whangamata%20Bay%20of%20Plenty%203620%20New%20Zealand%20,
Twentymans Funeral Services (Whitianga),(07) 8686003,,funerals@twentymans.co.nz,www. twentymans.co.nz,"48 Moewai Park Road, Whitianga, Bay of Plenty, 3510, New Zealand",https://www.google.com/maps/search/?api=1&query=48%20Moewai%20Park%20Road%20Whitianga%20Bay%20of%20Plenty%203510%20New%20Zealand%20,
Valley Funeral Services (Paeroa),0800 862 6362,,valleyfunerals@outlook.com,https://www.valleyfuneralservices.com/,"3 Hall Street, Paeroa, Waikato, 3500",https://www.google.com/maps/search/?api=1&query=3%20Hall%20Street%20Paeroa%20Waikato%203500%20,/assets/Uploads/organisations/Valley__PadWzIwMCwyMDAsIkZGRiIsMF0.png
VJ Williams & Sons,(07)878 6100,,office@vjwilliams.co.nz,https://www.vjwilliams.co.nz/,"33 King Street West, Te Kuiti, Waikato, 3910, New Zealand",https://www.google.com/maps/search/?api=1&query=33%20King%20Street%20West%20Te%20Kuiti%20Waikato%203910%20New%20Zealand%20,/assets/Uploads/organisations/VJ-Williams__PadWzIwMCwyMDAsIkZGRiIsMF0.jpg
Vospers Funeral Directors,(06)759 0912,,staff@vospers.co.nz,https://vospers.co.nz/,"257 Devon Street East, New Plymouth, Taranaki, 4310",https://www.google.com/maps/search/?api=1&query=257%20Devon%20Street%20East%20New%20Plymouth%20Taranaki%204310%20,/assets/Uploads/organisations/Vospers__PadWzIwMCwyMDAsIkZGRiIsMF0.png
Waihi Funeral Services,(07)863 8791,,waihifuneralservices@xtra.co.nz,,"8 Devon Street, Waihi, Bay of Plenty, 3610, New Zealand",https://www.google.com/maps/search/?api=1&query=8%20Devon%20Street%20Waihi%20Bay%20of%20Plenty%203610%20New%20Zealand%20,/assets/Uploads/organisations/Waihi-v2__PadWzIwMCwyMDAsIkZGRiIsMF0.png
Waikanae Funeral Home,(04)293 6844,,info@waikanaefuneralhome.co.nz,https://waikanaefuneralhome.co.nz/,"17-21 Parata Street, Waikanae, Wellington, 5036, New Zealand",https://www.google.com/maps/search/?api=1&query=17-21%20Parata%20Street%20Waikanae%20Wellington%205036%20New%20Zealand%20,/assets/Uploads/organisations/Waikanae__PadWzIwMCwyMDAsIkZGRiIsMF0.jpg
Wairarapa Funeral Services,(06)370 1110,,staff@wairarapafunerals.co.nz,https://wairarapafunerals.co.nz/,"35-37 Lincoln Road, Masterton, Wellington, 5810, New Zealand",https://www.google.com/maps/search/?api=1&query=35-37%20Lincoln%20Road%20Masterton%20Wellington%205810%20New%20Zealand%20,/assets/Uploads/organisations/Wairarapa__PadWzIwMCwyMDAsIkZGRiIsMF0.png
Waterson Funeral Services (Te Aroha),(07)884 6010,,office@watersonsfuneralservices.co.nz,http://www.watersonsfuneralservices.co.nz,"20a Burgess Street, Te Aroha, Waikato, 3320, New Zealand",https://www.google.com/maps/search/?api=1&query=20a%20Burgess%20Street%20Te%20Aroha%20Waikato%203320%20New%20Zealand%20,
Watersons Funeral Services (Matamata),(07)888 8632,,pam@watersonsfuneralservices.co.nz,http://www.watersonsfuneralservices.co.nz/,"6 Tamihana Street, Matamata, Waikato, 3400",https://www.google.com/maps/search/?api=1&query=6%20Tamihana%20Street%20Matamata%20Waikato%203400%20,/assets/Uploads/organisations/Watersons__PadWzIwMCwyMDAsIkZGRiIsMF0.png
Watersons Funeral Services (Putaruru),(07)883 1262,,pam@watersonsfuneralservices.co.nz,http://www.watersonsfuneralservices.co.nz/,"20 Taupo Street, Putaruru, Waikato, 3411",https://www.google.com/maps/search/?api=1&query=20%20Taupo%20Street%20Putaruru%20Waikato%203411%20,/assets/Uploads/organisations/Watersons-v2__PadWzIwMCwyMDAsIkZGRiIsMF0.png
Wellington & Otaki Natural Burials,0800 326 752,,,www.wellingtonnaturalburials.co.nz,"Wellington, New Zealand",https://www.google.com/maps/search/?api=1&query=Wellington%20New%20Zealand%20,/assets/Uploads/organisations/Wellington-Natural-Burials__PadWzIwMCwyMDAsIkZGRiIsMF0.jpg
Westland Funeral Services,(03)768 0250,,westlandfs@xtra.co.nz,https://www.westlandfuneralservices.com/,"134 Tainui Street, Greymouth, West Coast, 7805, New Zealand",https://www.google.com/maps/search/?api=1&query=134%20Tainui%20Street%20Greymouth%20West%20Coast%207805%20New%20Zealand%20,/assets/Uploads/organisations/Westland__PadWzIwMCwyMDAsIkZGRiIsMF0.png
Whitestone Funerals,(03)434 8812,,office@whitestonefunerals.co.nz,http://www.whitestonefuneralsoamaru.co.nz/,"54 Weston Road, Oamaru, Otago, 9401",https://www.google.com/maps/search/?api=1&query=54%20Weston%20Road%20Oamaru%20Otago%209401%20,/assets/Uploads/organisations/Whitestone-Funerals-v2__PadWzIwMCwyMDAsIkZGRiIsMF0.png
Willetts Funeral Services,(07)307 1111,,willettsfuneral@xtra.co.nz,http://www.willettsfuneralservices.co.nz/,"21 King Street, Whakatane, Bay of Plenty, 3120, New Zealand",https://www.google.com/maps/search/?api=1&query=21%20King%20Street%20Whakatane%20Bay%20of%20Plenty%203120%20New%20Zealand%20,/assets/Uploads/organisations/Willetts__PadWzIwMCwyMDAsIkZGRiIsMF0.jpg
William Cotton & Sons,(06)323 7062,,info@williamcotton.co.nz,https://www.williamcotton.co.nz/,"29 Beattie Street, Feilding, Manawatu-Whanganui, 4702",https://www.google.com/maps/search/?api=1&query=29%20Beattie%20Street%20Feilding%20Manawatu-Whanganui%204702%20,/assets/Uploads/organisations/Wm-Cotton-Logo__PadWzIwMCwyMDAsIkZGRiIsMF0.jpg
Winton & Districts Funeral Services,(03)236 7586,,office@wintonfunerals.co.nz,https://frasersfunerals.co.nz/winton-and-districts/welcome/,"306 Great North Road, Winton, Southland, 9720",https://www.google.com/maps/search/?api=1&query=306%20Great%20North%20Road%20Winton%20Southland%209720%20,
Woolertons' Funeral Home,(07)855 1878,,erin@woolertons.co.nz,http://hamiltonfuneralhome.co.nz/,"8F Railside Place, Dinsdale, Hamilton, Waikato, 3204, New Zealand",https://www.google.com/maps/search/?api=1&query=8F%20Railside%20Place%20Dinsdale%20Hamilton%20Waikato%203204%20New%20Zealand%20,/assets/Uploads/organisations/Woolerton__PadWzIwMCwyMDAsIkZGRiIsMF0.png
